{"uid":"b1a8273437954620fa374b796ffaacdd","name":"behaviors","children":[{"name":"Login Page Functionality","children":[{"name":"Login with valid user credentials and OTP","children":[{"name":"Login with valid user credentials and OTP","uid":"f97878d103ca00db","parentUid":"dd4e169d674de69c28f57873a63c9ba3","status":"passed","time":{"start":1751300330146,"stop":1751300348754,"duration":18608},"flaky":false,"newFailed":false,"newPassed":false,"newBroken":false,"retriesCount":0,"retriesStatusChange":false,"parameters":["demo3434343@gmail.com","000000"],"tags":[]}],"uid":"dd4e169d674de69c28f57873a63c9ba3"}],"uid":"2c6952e9ed76ae3479159c302d0139fd"}]}