{"uid":"98d3104e051c652961429bf95fa0b5d6","name":"suites","children":[{"name":"Login Page Functionality","children":[{"name":"Login with valid user credentials and OTP","uid":"f97878d103ca00db","parentUid":"699ffd5f49718917dd1109ac669f9fb1","status":"passed","time":{"start":1751300330146,"stop":1751300348754,"duration":18608},"flaky":false,"newFailed":false,"newPassed":false,"newBroken":false,"retriesCount":0,"retriesStatusChange":false,"parameters":["demo3434343@gmail.com","000000"],"tags":[]}],"uid":"699ffd5f49718917dd1109ac669f9fb1"}]}