{"uid":"ab17fc5a4eb3bca4b216b548c7f9fcbc","name":"timeline","children":[{"name":"DESKTOP-A7RF489","children":[{"name":"24844@DESKTOP-A7RF489.main(1)","children":[{"name":"Login with valid user credentials and OTP","uid":"f97878d103ca00db","parentUid":"69e956a3e27b70d76d47d6478ed19591","status":"passed","time":{"start":1751300330146,"stop":1751300348754,"duration":18608},"flaky":false,"newFailed":false,"newPassed":false,"newBroken":false,"retriesCount":0,"retriesStatusChange":false,"parameters":["demo3434343@gmail.com","000000"],"tags":[]}],"uid":"69e956a3e27b70d76d47d6478ed19591"}],"uid":"2c47519b25e7dec444b01b4f16f5004a"}]}