{"uid":"83edc06c07f9ae9e47eb6dd1b683e4e2","name":"packages","children":[{"name":"src.test.resources.login_feature.Login Page Functionality","children":[{"name":"Login with valid user credentials and OTP","uid":"f97878d103ca00db","parentUid":"4b0761a1c770af137b4436c462b8b584","status":"passed","time":{"start":1751300330146,"stop":1751300348754,"duration":18608},"flaky":false,"newFailed":false,"newPassed":false,"newBroken":false,"retriesCount":0,"retriesStatusChange":false,"parameters":["demo3434343@gmail.com","000000"],"tags":[]}],"uid":"src.test.resources.login_feature.Login Page Functionality"}]}