{"f185861bbe203b627966bff65075cfb9":{"statistic":{"failed":0,"broken":0,"skipped":0,"passed":4,"unknown":0,"total":4},"items":[{"uid":"f97878d103ca00db","status":"passed","time":{"start":1751300330146,"stop":1751300348754,"duration":18608}},{"uid":"6b432999e92fdce8","status":"passed","time":{"start":1751287978809,"stop":1751287993150,"duration":14341}},{"uid":"d7462b894328dadb","status":"passed","time":{"start":1751189770405,"stop":1751189786298,"duration":15893}},{"uid":"dfd115e12558d8ce","status":"passed","time":{"start":1751187235679,"stop":1751187250933,"duration":15254}}]},"6205279f4b654904959dddc5f9f859d9":{"statistic":{"failed":0,"broken":0,"skipped":0,"passed":2,"unknown":0,"total":2},"items":[{"uid":"597acdf4f51844ba","status":"passed","time":{"start":1751189290866,"stop":1751189318713,"duration":27847}},{"uid":"5e404a54b39f2575","status":"passed","time":{"start":1751186757348,"stop":1751186784084,"duration":26736}}]},"5b1b315af18a188b20e72dda70ea3e44":{"statistic":{"failed":0,"broken":0,"skipped":0,"passed":2,"unknown":0,"total":2},"items":[{"uid":"4f5e883197afea03","status":"passed","time":{"start":1751189232364,"stop":1751189275649,"duration":43285}},{"uid":"57af2fca193a3f1b","status":"passed","time":{"start":1751186703112,"stop":1751186744451,"duration":41339}}]},"6d79ca06f3b82e9f768cd15aa8c421ae":{"statistic":{"failed":0,"broken":0,"skipped":0,"passed":2,"unknown":0,"total":2},"items":[{"uid":"650e47c5338aa73b","status":"passed","time":{"start":1751189318732,"stop":1751189334053,"duration":15321}},{"uid":"55a68b61455af429","status":"passed","time":{"start":1751186784104,"stop":1751186798106,"duration":14002}}]},"68cc80a8a87741bfe9729cc144c2dc31":{"statistic":{"failed":0,"broken":0,"skipped":0,"passed":2,"unknown":0,"total":2},"items":[{"uid":"d81855b5ecb01027","status":"passed","time":{"start":1751189275870,"stop":1751189290842,"duration":14972}},{"uid":"5f526970614a627c","status":"passed","time":{"start":1751186744686,"stop":1751186757328,"duration":12642}}]},"1ba3418f9b2d27f0bf24c472a8247a9":{"statistic":{"failed":0,"broken":0,"skipped":0,"passed":2,"unknown":0,"total":2},"items":[{"uid":"272fee609107968b","status":"passed","time":{"start":1751189334073,"stop":1751189347771,"duration":13698}},{"uid":"cf167aa0adc8ec36","status":"passed","time":{"start":1751186798127,"stop":1751186811754,"duration":13627}}]},"c9b16dedc5f49f4bd16ae2fbb46433f9":{"statistic":{"failed":2,"broken":0,"skipped":0,"passed":0,"unknown":0,"total":2},"items":[{"uid":"6e62f3b4d1bae8cf","status":"failed","statusDetails":"The following asserts failed:\n\t❌ Mismatch for 'This Week' ➤ Home: 0, Compliance: 47 expected [0] but found [47],\n\t❌ Mismatch for 'This Month' ➤ Home: 3, Compliance: 47 expected [3] but found [47],\n\t❌ Mismatch for 'Previous Quarter' ➤ Home: 3, Compliance: 47 expected [3] but found [47],\n\t❌ Mismatch for 'Previous Financial Year' ➤ Home: 4, Compliance: 47 expected [4] but found [47]","time":{"start":1751189347785,"stop":1751189770361,"duration":422576}},{"uid":"15912dc2e3c57152","status":"failed","statusDetails":"The following asserts failed:\n\t❌ Mismatch for 'This Week' ➤ Home: 0, Compliance: 47 expected [0] but found [47],\n\t❌ Mismatch for 'Previous Quarter' ➤ Home: 3, Compliance: 47 expected [3] but found [47],\n\t❌ Mismatch for 'Previous Financial Year' ➤ Home: 4, Compliance: 47 expected [4] but found [47]","time":{"start":1751186811779,"stop":1751187235651,"duration":423872}}]}}